IP_address,Upload_at

127.0.0.1,Jan 22 2020 10:48:15
127.0.0.1,Jan 22 2020 10:53:11
127.0.0.1,Jan 22 2020 10:54:52
127.0.0.1,Jan 22 2020 11:04:42
127.0.0.1,Jan 22 2020 11:05:06
127.0.0.1,Jan 22 2020 18:47:03
127.0.0.1,Jan 22 2020 18:49:34
127.0.0.1,Jan 22 2020 19:56:26
127.0.0.1,Jan 22 2020 19:58:10
127.0.0.1,Jan 22 2020 19:59:00
127.0.0.1,Jan 22 2020 19:59:17
127.0.0.1,Jan 22 2020 20:01:08
127.0.0.1,Jan 22 2020 20:04:53
127.0.0.1,Jan 22 2020 20:05:29
127.0.0.1,Jan 22 2020 20:07:10
127.0.0.1,Jan 22 2020 20:08:02
127.0.0.1,Jan 22 2020 20:08:18
127.0.0.1,Jan 22 2020 20:08:39
127.0.0.1,Jan 22 2020 20:11:01
127.0.0.1,Jan 22 2020 20:13:06
127.0.0.1,Jan 22 2020 20:13:41
127.0.0.1,Jan 22 2020 20:13:55
127.0.0.1,Jan 22 2020 20:15:56
127.0.0.1,Jan 22 2020 20:18:10
127.0.0.1,Jan 22 2020 20:18:32
127.0.0.1,Jan 22 2020 20:18:43
127.0.0.1,Jan 22 2020 20:19:32
127.0.0.1,Jan 22 2020 20:19:47
127.0.0.1,Jan 22 2020 20:20:00
127.0.0.1,Jan 22 2020 20:20:17
127.0.0.1,Jan 22 2020 20:20:27
127.0.0.1,Jan 22 2020 20:22:13
127.0.0.1,Jan 22 2020 20:22:26
127.0.0.1,Jan 22 2020 20:23:33
127.0.0.1,Jan 22 2020 20:23:45
127.0.0.1,Jan 22 2020 20:26:39
127.0.0.1,Jan 22 2020 20:27:40
127.0.0.1,Jan 22 2020 20:29:11
127.0.0.1,Jan 22 2020 20:29:31
127.0.0.1,Jan 22 2020 20:30:36
127.0.0.1,Jan 22 2020 20:30:57
127.0.0.1,Jan 22 2020 20:31:15
127.0.0.1,Jan 22 2020 20:38:36
127.0.0.1,Jan 22 2020 20:40:10
127.0.0.1,Jan 22 2020 20:41:53
127.0.0.1,Jan 22 2020 20:42:28
127.0.0.1,Jan 22 2020 20:47:36
127.0.0.1,Jan 22 2020 20:47:59
127.0.0.1,Jan 22 2020 20:49:21
127.0.0.1,Jan 22 2020 20:50:03
127.0.0.1,Jan 22 2020 20:50:31
127.0.0.1,Jan 22 2020 20:50:59
127.0.0.1,Jan 22 2020 20:51:52
127.0.0.1,Jan 22 2020 20:53:57
127.0.0.1,Jan 22 2020 20:55:21
127.0.0.1,Jan 22 2020 20:56:17
127.0.0.1,Jan 22 2020 20:56:46
127.0.0.1,Jan 22 2020 20:57:11
127.0.0.1,Jan 22 2020 21:03:06
127.0.0.1,Jan 22 2020 21:06:23
127.0.0.1,Jan 22 2020 21:06:55
127.0.0.1,Jan 22 2020 21:08:29
127.0.0.1,Jan 22 2020 21:08:51
127.0.0.1,Jan 22 2020 21:09:02
127.0.0.1,Jan 22 2020 21:09:47
127.0.0.1,Jan 22 2020 21:10:25
127.0.0.1,Jan 22 2020 21:11:05
127.0.0.1,Jan 22 2020 21:11:50
127.0.0.1,Jan 22 2020 21:12:52
127.0.0.1,Jan 22 2020 21:16:05
127.0.0.1,Jan 22 2020 21:16:18
127.0.0.1,Jan 22 2020 21:16:33
127.0.0.1,Jan 22 2020 21:17:22
127.0.0.1,Jan 22 2020 21:17:50
127.0.0.1,Jan 22 2020 21:18:01
127.0.0.1,Jan 22 2020 21:20:09
127.0.0.1,Jan 22 2020 21:20:24
127.0.0.1,Jan 22 2020 21:22:13
127.0.0.1,Jan 22 2020 21:23:47
127.0.0.1,Jan 22 2020 21:24:50
127.0.0.1,Jan 22 2020 21:39:03
127.0.0.1,Jan 22 2020 21:39:19
127.0.0.1,Jan 22 2020 21:40:04
127.0.0.1,Jan 22 2020 21:40:49
127.0.0.1,Jan 22 2020 21:41:27
127.0.0.1,Jan 22 2020 21:41:59
127.0.0.1,Jan 22 2020 21:46:07
127.0.0.1,Jan 22 2020 21:46:27
127.0.0.1,Jan 22 2020 21:46:43
127.0.0.1,Jan 22 2020 21:47:53
127.0.0.1,Jan 22 2020 21:51:55
127.0.0.1,Jan 22 2020 21:52:06
127.0.0.1,Jan 22 2020 21:53:45
127.0.0.1,Jan 22 2020 21:55:09
127.0.0.1,Jan 22 2020 21:55:25
127.0.0.1,Jan 22 2020 21:56:46
127.0.0.1,Jan 22 2020 21:57:19
127.0.0.1,Jan 22 2020 21:57:37
127.0.0.1,Jan 22 2020 21:58:36
127.0.0.1,Jan 22 2020 21:58:59
127.0.0.1,Jan 22 2020 21:59:37
127.0.0.1,Jan 23 2020 02:33:11
127.0.0.1,Jan 23 2020 02:33:22
127.0.0.1,Jan 23 2020 02:33:59
127.0.0.1,Jan 23 2020 02:34:09
127.0.0.1,Jan 23 2020 02:34:27
127.0.0.1,Jan 23 2020 02:35:08
127.0.0.1,Jan 23 2020 02:36:28
127.0.0.1,Jan 23 2020 02:36:51
127.0.0.1,Jan 23 2020 02:39:39
127.0.0.1,Jan 23 2020 02:41:45
127.0.0.1,Jan 23 2020 02:42:32
127.0.0.1,Jan 23 2020 02:42:59
127.0.0.1,Jan 23 2020 02:43:30
127.0.0.1,Jan 23 2020 02:44:08
127.0.0.1,Jan 23 2020 02:44:21
127.0.0.1,Jan 23 2020 02:48:29
127.0.0.1,Jan 23 2020 02:48:38
127.0.0.1,Jan 23 2020 02:48:51
127.0.0.1,Jan 23 2020 02:49:07
127.0.0.1,Jan 23 2020 02:49:34
127.0.0.1,Jan 23 2020 02:49:48
127.0.0.1,Jan 23 2020 02:50:09
127.0.0.1,Jan 23 2020 02:51:15
127.0.0.1,Jan 23 2020 02:52:15
127.0.0.1,Jan 23 2020 02:52:49
127.0.0.1,Jan 23 2020 02:53:53
127.0.0.1,Jan 23 2020 02:54:22
127.0.0.1,Jan 23 2020 02:58:07
127.0.0.1,Jan 23 2020 03:00:37
127.0.0.1,Jan 23 2020 03:02:47
127.0.0.1,Jan 23 2020 03:03:07
127.0.0.1,Jan 23 2020 03:03:36
127.0.0.1,Jan 23 2020 03:04:03
127.0.0.1,Jan 23 2020 03:04:31
127.0.0.1,Jan 23 2020 03:04:54
127.0.0.1,Jan 23 2020 03:06:06
127.0.0.1,Jan 23 2020 03:07:03
127.0.0.1,Jan 23 2020 03:07:40
127.0.0.1,Jan 23 2020 03:10:44
127.0.0.1,Jan 23 2020 03:10:58
127.0.0.1,Jan 23 2020 03:11:04
127.0.0.1,Jan 23 2020 03:11:30
127.0.0.1,Jan 23 2020 03:12:16
127.0.0.1,Jan 23 2020 03:13:26
127.0.0.1,Jan 23 2020 03:13:41
127.0.0.1,Jan 23 2020 03:14:00
127.0.0.1,Jan 23 2020 03:14:48
127.0.0.1,Jan 23 2020 03:15:04
127.0.0.1,Jan 23 2020 03:15:37
127.0.0.1,Jan 23 2020 03:15:52
127.0.0.1,Jan 23 2020 03:16:02
127.0.0.1,Jan 23 2020 03:16:12
127.0.0.1,Jan 23 2020 03:16:21
127.0.0.1,Jan 23 2020 03:16:33
127.0.0.1,Jan 23 2020 03:17:03
127.0.0.1,Jan 23 2020 03:17:19
127.0.0.1,Jan 23 2020 03:28:12
127.0.0.1,Jan 23 2020 03:28:17
127.0.0.1,Jan 23 2020 03:29:01
127.0.0.1,Jan 23 2020 03:29:08
127.0.0.1,Jan 23 2020 03:29:20
127.0.0.1,Jan 23 2020 03:29:36
127.0.0.1,Jan 23 2020 03:29:49
127.0.0.1,Jan 23 2020 03:35:43
127.0.0.1,Jan 23 2020 03:36:26
127.0.0.1,Jan 23 2020 03:36:35
127.0.0.1,Jan 23 2020 03:36:56
127.0.0.1,Jan 23 2020 03:37:11
127.0.0.1,Jan 23 2020 03:38:00
127.0.0.1,Jan 23 2020 03:38:48
127.0.0.1,Jan 23 2020 03:39:07
127.0.0.1,Jan 25 2020 23:58:46
127.0.0.1,Jan 26 2020 00:01:55
127.0.0.1,Jan 26 2020 00:02:05
127.0.0.1,Jan 26 2020 00:02:12
127.0.0.1,Jan 26 2020 00:03:27
127.0.0.1,Jan 26 2020 00:03:54
127.0.0.1,Jan 26 2020 00:04:07
127.0.0.1,Jan 26 2020 00:05:16
127.0.0.1,Jan 26 2020 00:05:34
127.0.0.1,Jan 26 2020 00:05:51
127.0.0.1,Jan 26 2020 00:06:18
127.0.0.1,Jan 26 2020 00:12:48
127.0.0.1,Jan 26 2020 00:13:03
127.0.0.1,Jan 26 2020 00:13:45
127.0.0.1,Jan 26 2020 00:14:35
127.0.0.1,Jan 26 2020 00:15:24
127.0.0.1,Jan 26 2020 00:17:09
127.0.0.1,Jan 26 2020 00:18:18
127.0.0.1,Jan 26 2020 00:18:44
127.0.0.1,Jan 26 2020 00:19:59
127.0.0.1,Jan 26 2020 00:20:20
127.0.0.1,Jan 26 2020 00:30:22
127.0.0.1,Jan 26 2020 00:30:50
127.0.0.1,Jan 26 2020 00:31:11
127.0.0.1,Jan 26 2020 00:31:40
127.0.0.1,Jan 26 2020 00:31:59
127.0.0.1,Jan 26 2020 00:32:23
127.0.0.1,Jan 26 2020 00:32:40
127.0.0.1,Jan 26 2020 00:33:16
127.0.0.1,Jan 26 2020 00:33:34
127.0.0.1,Jan 26 2020 00:34:13
127.0.0.1,Jan 26 2020 00:34:39
127.0.0.1,Jan 26 2020 00:35:41
127.0.0.1,Jan 26 2020 00:35:52
127.0.0.1,Jan 26 2020 00:36:16
127.0.0.1,Jan 26 2020 00:36:52
127.0.0.1,Jan 26 2020 00:37:26
127.0.0.1,Jan 26 2020 00:37:52
127.0.0.1,Jan 26 2020 00:38:46
127.0.0.1,Jan 26 2020 00:39:02
127.0.0.1,Jan 26 2020 00:39:19
127.0.0.1,Jan 26 2020 00:39:33
127.0.0.1,Jan 26 2020 00:40:38
127.0.0.1,Jan 26 2020 00:43:37
127.0.0.1,Jan 26 2020 00:47:52
127.0.0.1,Jan 26 2020 00:48:09
127.0.0.1,Jan 26 2020 00:48:49
127.0.0.1,Jan 26 2020 00:49:07
127.0.0.1,Jan 26 2020 00:49:45
127.0.0.1,Jan 26 2020 00:50:03
127.0.0.1,Jan 26 2020 00:50:20
127.0.0.1,Jan 26 2020 00:51:50
127.0.0.1,Jan 26 2020 00:52:14
127.0.0.1,Jan 26 2020 00:56:45
127.0.0.1,Jan 26 2020 00:57:35
127.0.0.1,Jan 26 2020 00:58:06
127.0.0.1,Jan 26 2020 00:58:39
127.0.0.1,Jan 26 2020 01:02:31
127.0.0.1,Jan 26 2020 01:02:46
127.0.0.1,Jan 26 2020 01:03:14
127.0.0.1,Jan 26 2020 01:04:08
127.0.0.1,Jan 26 2020 01:05:08
127.0.0.1,Jan 26 2020 01:05:45
127.0.0.1,Jan 26 2020 01:06:20
127.0.0.1,Jan 26 2020 01:06:35
127.0.0.1,Jan 26 2020 01:06:51
127.0.0.1,Jan 26 2020 01:19:58
127.0.0.1,Jan 26 2020 01:20:35
127.0.0.1,Jan 26 2020 01:30:07
127.0.0.1,Jan 26 2020 01:30:16
127.0.0.1,Jan 26 2020 04:39:40
127.0.0.1,Jan 26 2020 04:41:07
127.0.0.1,Jan 26 2020 04:41:24
127.0.0.1,Jan 26 2020 04:42:00
127.0.0.1,Jan 26 2020 04:42:29
127.0.0.1,Jan 26 2020 04:43:02
127.0.0.1,Jan 26 2020 04:43:46
127.0.0.1,Jan 26 2020 04:46:45
127.0.0.1,Jan 26 2020 04:47:31
127.0.0.1,Jan 26 2020 04:47:52
127.0.0.1,Jan 26 2020 04:48:24
127.0.0.1,Jan 26 2020 04:48:46
127.0.0.1,Jan 26 2020 04:48:59
127.0.0.1,Jan 26 2020 04:49:22
127.0.0.1,Jan 26 2020 04:53:23
127.0.0.1,Jan 26 2020 04:53:40
127.0.0.1,Jan 26 2020 04:54:19
127.0.0.1,Jan 26 2020 04:54:48
127.0.0.1,Jan 26 2020 04:55:03
127.0.0.1,Jan 26 2020 04:55:33
127.0.0.1,Jan 26 2020 04:55:51
127.0.0.1,Jan 26 2020 04:56:06
127.0.0.1,Jan 26 2020 04:56:22
127.0.0.1,Jan 26 2020 04:57:02
127.0.0.1,Jan 26 2020 04:57:14
127.0.0.1,Jan 26 2020 04:57:39
127.0.0.1,Jan 26 2020 04:58:07
127.0.0.1,Jan 26 2020 04:58:23
127.0.0.1,Jan 26 2020 04:58:53
127.0.0.1,Jan 26 2020 04:59:08
127.0.0.1,Jan 26 2020 05:00:11
127.0.0.1,Jan 26 2020 05:00:51
127.0.0.1,Jan 26 2020 05:01:44
127.0.0.1,Jan 26 2020 05:02:06
127.0.0.1,Jan 26 2020 05:02:36
127.0.0.1,Jan 26 2020 05:04:51
127.0.0.1,Jan 26 2020 05:05:16
127.0.0.1,Jan 26 2020 05:05:43
127.0.0.1,Jan 26 2020 12:56:25
127.0.0.1,Jan 26 2020 12:57:51
127.0.0.1,Jan 26 2020 12:58:38
127.0.0.1,Jan 26 2020 12:59:48
127.0.0.1,Jan 26 2020 13:01:28
127.0.0.1,Jan 26 2020 13:01:49
127.0.0.1,Jan 26 2020 13:02:29
127.0.0.1,Jan 26 2020 13:02:41
127.0.0.1,Jan 26 2020 13:02:55
127.0.0.1,Jan 26 2020 13:03:55
127.0.0.1,Jan 26 2020 13:04:30
127.0.0.1,Jan 26 2020 13:04:57
127.0.0.1,Jan 26 2020 13:06:14
127.0.0.1,Jan 26 2020 13:06:26
127.0.0.1,Jan 26 2020 13:06:44
127.0.0.1,Jan 26 2020 13:07:00
127.0.0.1,Jan 26 2020 13:07:29
127.0.0.1,Jan 26 2020 13:08:05
127.0.0.1,Jan 26 2020 13:08:36
127.0.0.1,Jan 26 2020 13:08:47
127.0.0.1,Jan 26 2020 13:09:30
127.0.0.1,Jan 26 2020 13:09:57
127.0.0.1,Jan 26 2020 13:10:44
127.0.0.1,Jan 26 2020 13:11:10
127.0.0.1,Jan 26 2020 13:11:44
127.0.0.1,Jan 26 2020 13:12:02
127.0.0.1,Jan 26 2020 13:12:34
127.0.0.1,Jan 26 2020 13:13:22
127.0.0.1,Jan 26 2020 13:13:44
127.0.0.1,Jan 26 2020 13:14:51
127.0.0.1,Jan 26 2020 13:16:01
127.0.0.1,Jan 26 2020 13:16:54
127.0.0.1,Jan 26 2020 13:18:34
127.0.0.1,Jan 26 2020 13:19:25
127.0.0.1,Jan 26 2020 13:19:54
127.0.0.1,Jan 26 2020 13:20:26
127.0.0.1,Jan 26 2020 13:20:56
127.0.0.1,Jan 26 2020 13:21:07
127.0.0.1,Jan 26 2020 13:21:38
127.0.0.1,Jan 26 2020 13:21:49
127.0.0.1,Jan 26 2020 13:22:00
127.0.0.1,Jan 26 2020 13:22:10
127.0.0.1,Jan 26 2020 13:23:20
127.0.0.1,Jan 26 2020 13:24:01
127.0.0.1,Jan 26 2020 13:24:29
127.0.0.1,Jan 26 2020 13:25:19
127.0.0.1,Jan 26 2020 13:25:30
127.0.0.1,Jan 26 2020 13:26:58
127.0.0.1,Jan 26 2020 13:27:12
127.0.0.1,Jan 26 2020 13:28:00
127.0.0.1,Jan 26 2020 13:28:21
127.0.0.1,Jan 26 2020 13:29:50
127.0.0.1,Jan 26 2020 13:30:41
127.0.0.1,Jan 26 2020 13:32:02
127.0.0.1,Jan 26 2020 13:32:19
127.0.0.1,Jan 26 2020 13:36:40
127.0.0.1,Jan 26 2020 13:39:43
127.0.0.1,Jan 26 2020 13:40:49
127.0.0.1,Jan 26 2020 13:41:55
127.0.0.1,Jan 26 2020 13:43:08
127.0.0.1,Jan 26 2020 13:45:12
127.0.0.1,Jan 26 2020 13:45:29
127.0.0.1,Jan 26 2020 13:45:52
127.0.0.1,Jan 26 2020 13:46:26
127.0.0.1,Jan 26 2020 13:46:58
127.0.0.1,Jan 26 2020 13:47:28
127.0.0.1,Jan 26 2020 13:48:16
127.0.0.1,Jan 26 2020 13:50:53
127.0.0.1,Jan 26 2020 14:02:48
127.0.0.1,Jan 26 2020 14:02:57
127.0.0.1,Jan 26 2020 14:04:56
127.0.0.1,Jan 26 2020 14:05:09
127.0.0.1,Jan 26 2020 14:05:49
127.0.0.1,Jan 26 2020 14:06:22
127.0.0.1,Jan 26 2020 14:06:44
127.0.0.1,Jan 26 2020 14:06:57
127.0.0.1,Jan 26 2020 14:13:06
127.0.0.1,Jan 26 2020 14:14:27
127.0.0.1,Jan 26 2020 14:14:38
127.0.0.1,Jan 26 2020 14:16:39
127.0.0.1,Jan 26 2020 14:17:38
127.0.0.1,Jan 26 2020 14:17:53
127.0.0.1,Jan 26 2020 14:20:39
127.0.0.1,Jan 26 2020 14:24:13
127.0.0.1,Jan 26 2020 14:25:07
127.0.0.1,Jan 26 2020 14:26:29
127.0.0.1,Jan 26 2020 14:27:01
127.0.0.1,Jan 26 2020 14:27:46
127.0.0.1,Jan 26 2020 14:28:21
127.0.0.1,Jan 26 2020 14:28:59
127.0.0.1,Jan 26 2020 14:29:44
127.0.0.1,Jan 26 2020 16:40:13
127.0.0.1,Jan 26 2020 16:41:10
127.0.0.1,Jan 26 2020 16:41:37
127.0.0.1,Jan 26 2020 16:41:50
127.0.0.1,Jan 26 2020 16:44:40
127.0.0.1,Jan 26 2020 16:45:21
127.0.0.1,Jan 26 2020 16:45:34
127.0.0.1,Jan 26 2020 16:45:44
127.0.0.1,Jan 26 2020 16:46:13
127.0.0.1,Jan 26 2020 16:46:51
127.0.0.1,Jan 26 2020 16:47:17
127.0.0.1,Jan 26 2020 16:47:24
127.0.0.1,Jan 26 2020 16:48:13
127.0.0.1,Jan 26 2020 16:48:33
127.0.0.1,Jan 26 2020 16:48:56
127.0.0.1,Jan 26 2020 16:49:25
127.0.0.1,Jan 26 2020 16:49:40
127.0.0.1,Jan 26 2020 16:50:22
127.0.0.1,Jan 26 2020 16:50:32
127.0.0.1,Jan 26 2020 16:51:04
127.0.0.1,Jan 26 2020 16:53:23
127.0.0.1,Jan 26 2020 16:54:43
127.0.0.1,Jan 26 2020 16:55:48
127.0.0.1,Jan 26 2020 16:56:00
127.0.0.1,Jan 26 2020 16:57:00
127.0.0.1,Jan 26 2020 16:57:34
127.0.0.1,Jan 26 2020 16:57:51
127.0.0.1,Jan 26 2020 16:57:59
127.0.0.1,Jan 26 2020 16:58:35
127.0.0.1,Jan 26 2020 16:58:42
127.0.0.1,Jan 26 2020 16:59:56
127.0.0.1,Jan 26 2020 17:00:21
127.0.0.1,Jan 26 2020 17:00:41
127.0.0.1,Jan 26 2020 17:01:47
127.0.0.1,Jan 26 2020 17:05:09
127.0.0.1,Jan 26 2020 17:05:26
127.0.0.1,Jan 26 2020 17:05:43
127.0.0.1,Jan 26 2020 17:06:18
127.0.0.1,Jan 26 2020 17:07:25
127.0.0.1,Jan 26 2020 17:08:15
127.0.0.1,Jan 26 2020 17:11:22
127.0.0.1,Jan 26 2020 17:11:47
127.0.0.1,Jan 26 2020 17:15:20
127.0.0.1,Jan 26 2020 17:16:24
127.0.0.1,Jan 26 2020 17:24:00
127.0.0.1,Jan 26 2020 17:24:31
127.0.0.1,Jan 26 2020 18:39:21
127.0.0.1,Jan 26 2020 18:41:37
127.0.0.1,Jan 26 2020 18:44:59
127.0.0.1,Jan 26 2020 23:34:11
127.0.0.1,Jan 27 2020 00:26:41
127.0.0.1,Jan 27 2020 00:27:56
127.0.0.1,Jan 27 2020 00:35:44
127.0.0.1,Jan 27 2020 00:35:56
127.0.0.1,Jan 27 2020 00:41:12
127.0.0.1,Jan 27 2020 00:43:25
127.0.0.1,Jan 27 2020 00:43:55
127.0.0.1,Jan 27 2020 00:45:29
127.0.0.1,Jan 27 2020 00:46:57
127.0.0.1,Jan 27 2020 00:48:11
